8,sign,default,512,0.028241
8,sign,default,1024,0.149641
8,sign,default,2048,1.001795
8,sign,default,3072,2.977730
8,sign,default,4096,6.620458
8,verify,default,512,0.020948
8,verify,default,1024,0.069301
8,verify,default,2048,0.247900
8,verify,default,3072,0.542266
8,verify,default,4096,0.952831
8,sign,mtekmod,512,0.054186
8,sign,mtekmod,1024,0.176429
8,sign,mtekmod,2048,1.056579
8,sign,mtekmod,3072,3.071080
8,sign,mtekmod,4096,6.743204
8,verify,mtekmod,512,0.184555
8,verify,mtekmod,1024,0.453109
8,verify,mtekmod,2048,0.857002
8,verify,mtekmod,3072,1.525744
8,verify,mtekmod,4096,2.221250
8,sign,mtesig,512,0.035027
8,sign,mtesig,1024,0.166764
8,sign,mtesig,2048,1.090780
8,sign,mtesig,3072,3.124311
8,sign,mtesig,4096,6.844798
8,verify,mtesig,512,0.258461
8,verify,mtesig,1024,0.511114
8,verify,mtesig,2048,1.060879
8,verify,mtesig,3072,1.801947
8,verify,mtesig,4096,2.695830
8,sign,mprotsig,512,0.088174
8,sign,mprotsig,1024,0.255550
8,sign,mprotsig,2048,1.280148
8,sign,mprotsig,3072,3.397718
8,sign,mprotsig,4096,7.094639
8,sign,mprotsig,512,0.109108
8,sign,mprotsig,1024,0.255173
8,sign,mprotsig,2048,1.332068
8,sign,mprotsig,3072,3.407141
8,sign,mprotsig,4096,7.151208
8,verify,mprotsig,512,0.453059
8,verify,mprotsig,1024,1.057864
8,verify,mprotsig,2048,1.956882
8,verify,mprotsig,3072,3.256874
8,verify,mprotsig,4096,4.651158
8,sign,dr,512,2.566595
8,sign,dr,1024,9.779408
8,sign,dr,2048,50.700683
8,sign,dr,3072,128.662506
8,sign,dr,4096,258.499695
8,verify,dr,512,1.720434
8,verify,dr,1024,3.732118
8,verify,dr,2048,9.960118
8,verify,dr,3072,19.412812
8,verify,dr,4096,32.061647
4,sign,default,512,0.043178
4,sign,default,1024,0.215414
4,sign,default,2048,1.496742
4,sign,default,3072,4.501845
4,sign,default,4096,10.073746
4,verify,default,512,0.032474
4,verify,default,1024,0.103458
4,verify,default,2048,0.376762
4,verify,default,3072,0.823505
4,verify,default,4096,1.448456
4,sign,mtekmod,512,0.078682
4,sign,mtekmod,1024,0.274908
4,sign,mtekmod,2048,1.577766
4,sign,mtekmod,3072,4.674963
4,sign,mtekmod,4096,10.257996
4,verify,mtekmod,512,0.283538
4,verify,mtekmod,1024,0.635299
4,verify,mtekmod,2048,1.348172
4,verify,mtekmod,3072,2.266296
4,verify,mtekmod,4096,3.403774
4,sign,mtesig,512,0.091285
4,sign,mtesig,1024,0.262954
4,sign,mtesig,2048,1.722407
4,sign,mtesig,3072,4.643467
4,sign,mtesig,4096,10.324660
4,verify,mtesig,512,0.362602
4,verify,mtesig,1024,0.705169
4,verify,mtesig,2048,1.520041
4,verify,mtesig,3072,2.586345
4,verify,mtesig,4096,3.752098
4,sign,mprotsig,512,0.127995
4,sign,mprotsig,1024,0.390403
4,sign,mprotsig,2048,1.765466
4,sign,mprotsig,3072,4.910884
4,sign,mprotsig,4096,10.681522
4,sign,mprotsig,512,0.127123
4,sign,mprotsig,1024,0.358833
4,sign,mprotsig,2048,1.717700
4,sign,mprotsig,3072,4.939267
4,sign,mprotsig,4096,10.656364
4,verify,mprotsig,512,0.788809
4,verify,mprotsig,1024,1.341616
4,verify,mprotsig,2048,2.816502
4,verify,mprotsig,3072,4.652268
4,verify,mprotsig,4096,6.644284
4,sign,dr,512,3.860266
4,sign,dr,1024,14.368491
4,sign,dr,2048,74.234012
4,sign,dr,3072,189.028936
4,sign,dr,4096,381.029171
4,verify,dr,512,2.581345
4,verify,dr,1024,5.609250
4,verify,dr,2048,14.873357
4,verify,dr,3072,28.965636
4,verify,dr,4096,47.850872
0,sign,default,512,0.192607
0,sign,default,1024,0.995221
0,sign,default,2048,6.672654
0,sign,default,3072,20.433091
0,sign,default,4096,46.605328
0,verify,default,512,0.152724
0,verify,default,1024,0.489289
0,verify,default,2048,1.798589
0,verify,default,3072,3.946802
0,verify,default,4096,6.959173
0,sign,mtekmod,512,0.267367
0,sign,mtekmod,1024,1.142668
0,sign,mtekmod,2048,6.823640
0,sign,mtekmod,3072,20.729702
0,sign,mtekmod,4096,46.876527
0,verify,mtekmod,512,0.487202
0,verify,mtekmod,1024,1.076018
0,verify,mtekmod,2048,2.964129
0,verify,mtekmod,3072,5.702434
0,verify,mtekmod,4096,9.645815
0,sign,mtesig,512,0.280520
0,sign,mtesig,1024,1.080973
0,sign,mtesig,2048,7.036997
0,sign,mtesig,3072,20.894297
0,sign,mtesig,4096,47.191715
0,verify,mtesig,512,0.793025
0,verify,mtesig,1024,1.707065
0,verify,mtesig,2048,3.934963
0,verify,mtesig,3072,7.432447
0,verify,mtesig,4096,11.837666
0,sign,mprotsig,512,0.470102
0,sign,mprotsig,1024,1.371580
0,sign,mprotsig,2048,7.227004
0,sign,mprotsig,3072,21.400450
0,sign,mprotsig,4096,47.866962
0,sign,mprotsig,512,0.410181
0,sign,mprotsig,1024,1.406390
0,sign,mprotsig,2048,7.349827
0,sign,mprotsig,3072,21.536733
0,sign,mprotsig,4096,47.793184
0,verify,mprotsig,512,1.648579
0,verify,mprotsig,1024,3.425247
0,verify,mprotsig,2048,7.925630
0,verify,mprotsig,3072,12.880201
0,verify,mprotsig,4096,18.659662
0,sign,dr,512,12.921271
0,sign,dr,1024,48.687804
0,sign,dr,2048,252.897105
0,sign,dr,3072,640.715146
0,sign,dr,4096,1285.271456
0,verify,dr,512,8.955447
0,verify,dr,1024,19.206031
0,verify,dr,2048,50.153126
0,verify,dr,3072,97.286109
0,verify,dr,4096,160.346258
8,sign,default,512,0.030709
8,sign,default,1024,0.150552
8,sign,default,2048,1.001925
8,sign,default,3072,2.977610
8,sign,default,4096,6.616695
8,verify,default,512,0.022172
8,verify,default,1024,0.069275
8,verify,default,2048,0.248091
8,verify,default,3072,0.542414
8,verify,default,4096,0.951533
8,sign,mtekmod,512,0.047284
8,sign,mtekmod,1024,0.169712
8,sign,mtekmod,2048,1.069953
8,sign,mtekmod,3072,3.076088
8,sign,mtekmod,4096,6.726555
8,verify,mtekmod,512,0.135584
8,verify,mtekmod,1024,0.446631
8,verify,mtekmod,2048,0.875348
8,verify,mtekmod,3072,1.546356
8,verify,mtekmod,4096,2.144582
8,sign,mtesig,512,0.039921
8,sign,mtesig,1024,0.184404
8,sign,mtesig,2048,1.073797
8,sign,mtesig,3072,3.105459
8,sign,mtesig,4096,6.847535
8,verify,mtesig,512,0.219730
8,verify,mtesig,1024,0.502591
8,verify,mtesig,2048,1.066577
8,verify,mtesig,3072,1.818533
8,verify,mtesig,4096,2.562629
8,sign,mprotsig,512,0.087652
8,sign,mprotsig,1024,0.259781
8,sign,mprotsig,2048,1.233400
8,sign,mprotsig,3072,3.316055
8,sign,mprotsig,4096,7.146285
8,sign,mprotsig,512,0.099875
8,sign,mprotsig,1024,0.308061
8,sign,mprotsig,2048,1.328641
8,sign,mprotsig,3072,3.283956
8,sign,mprotsig,4096,7.053553
8,verify,mprotsig,512,0.622157
8,verify,mprotsig,1024,0.929654
8,verify,mprotsig,2048,1.968347
8,verify,mprotsig,3072,3.219771
8,verify,mprotsig,4096,4.620900
8,sign,dr,512,2.569047
8,sign,dr,1024,9.771831
8,sign,dr,2048,50.706679
8,sign,dr,3072,128.733905
8,sign,dr,4096,258.676558
8,verify,dr,512,1.720256
8,verify,dr,1024,3.730761
8,verify,dr,2048,9.961913
8,verify,dr,3072,19.433032
8,verify,dr,4096,32.080997
4,sign,default,512,0.043077
4,sign,default,1024,0.215364
4,sign,default,2048,1.497207
4,sign,default,3072,4.501547
4,sign,default,4096,10.073221
4,verify,default,512,0.032163
4,verify,default,1024,0.103480
4,verify,default,2048,0.376557
4,verify,default,3072,0.823515
4,verify,default,4096,1.448217
4,sign,mtekmod,512,0.086912
4,sign,mtekmod,1024,0.264047
4,sign,mtekmod,2048,1.568738
4,sign,mtekmod,3072,4.671404
4,sign,mtekmod,4096,10.275885
4,verify,mtekmod,512,0.311347
4,verify,mtekmod,1024,0.588677
4,verify,mtekmod,2048,1.343081
4,verify,mtekmod,3072,2.172838
4,verify,mtekmod,4096,3.300872
4,sign,mtesig,512,0.091394
4,sign,mtesig,1024,0.239614
4,sign,mtesig,2048,1.675323
4,sign,mtesig,3072,4.667424
4,sign,mtesig,4096,10.328295
4,verify,mtesig,512,0.341993
4,verify,mtesig,1024,0.730058
4,verify,mtesig,2048,1.576907
4,verify,mtesig,3072,2.665570
4,verify,mtesig,4096,3.774868
4,sign,mprotsig,512,0.119320
4,sign,mprotsig,1024,0.330485
4,sign,mprotsig,2048,1.689331
4,sign,mprotsig,3072,4.895677
4,sign,mprotsig,4096,10.797150
4,sign,mprotsig,512,0.107446
4,sign,mprotsig,1024,0.398631
4,sign,mprotsig,2048,1.765364
4,sign,mprotsig,3072,4.856800
4,sign,mprotsig,4096,10.849072
4,verify,mprotsig,512,0.704319
4,verify,mprotsig,1024,1.294601
4,verify,mprotsig,2048,2.960394
4,verify,mprotsig,3072,4.652983
4,verify,mprotsig,4096,6.524114
4,sign,dr,512,3.864886
4,sign,dr,1024,14.365638
4,sign,dr,2048,74.227544
4,sign,dr,3072,188.141393
4,sign,dr,4096,377.447289
4,verify,dr,512,2.619773
4,verify,dr,1024,5.693212
4,verify,dr,2048,14.948604
4,verify,dr,3072,28.946074
4,verify,dr,4096,47.818188
0,sign,default,512,0.192670
0,sign,default,1024,0.997534
0,sign,default,2048,6.676495
0,sign,default,3072,20.444343
0,sign,default,4096,46.566754
0,verify,default,512,0.152406
0,verify,default,1024,0.489666
0,verify,default,2048,1.794680
0,verify,default,3072,3.958565
0,verify,default,4096,6.953341
0,sign,mtekmod,512,0.217472
0,sign,mtekmod,1024,1.077782
0,sign,mtekmod,2048,6.839446
0,sign,mtekmod,3072,20.675074
0,sign,mtekmod,4096,46.882357
0,verify,mtekmod,512,0.467861
0,verify,mtekmod,1024,1.034334
0,verify,mtekmod,2048,3.072754
0,verify,mtekmod,3072,5.646467
0,verify,mtekmod,4096,9.443525
0,sign,mtesig,512,0.261245
0,sign,mtesig,1024,1.188551
0,sign,mtesig,2048,6.942027
0,sign,mtesig,3072,20.922067
0,sign,mtesig,4096,47.088208
0,verify,mtesig,512,0.664916
0,verify,mtesig,1024,1.794188
0,verify,mtesig,2048,4.161903
0,verify,mtesig,3072,7.404894
0,verify,mtesig,4096,11.955475
0,sign,mprotsig,512,0.375506
0,sign,mprotsig,1024,1.312191
0,sign,mprotsig,2048,7.676998
0,sign,mprotsig,3072,21.379221
0,sign,mprotsig,4096,47.912226
0,sign,mprotsig,512,0.342771
0,sign,mprotsig,1024,1.364497
0,sign,mprotsig,2048,7.500896
0,sign,mprotsig,3072,21.507090
0,sign,mprotsig,4096,47.921344
0,verify,mprotsig,512,1.558337
0,verify,mprotsig,1024,3.578672
0,verify,mprotsig,2048,7.837479
0,verify,mprotsig,3072,12.264042
0,verify,mprotsig,4096,18.408203
0,sign,dr,512,12.911715
0,sign,dr,1024,48.841101
0,sign,dr,2048,254.063678
0,sign,dr,3072,642.658779
0,sign,dr,4096,1288.503467
0,verify,dr,512,8.975051
0,verify,dr,1024,19.288535
0,verify,dr,2048,50.201869
0,verify,dr,3072,97.348723
0,verify,dr,4096,160.343172
8,sign,default,512,0.030468
8,sign,default,1024,0.150342
8,sign,default,2048,1.001754
8,sign,default,3072,2.977849
8,sign,default,4096,6.619914
8,verify,default,512,0.022159
8,verify,default,1024,0.069184
8,verify,default,2048,0.248007
8,verify,default,3072,0.541990
8,verify,default,4096,0.951434
8,sign,mtekmod,512,0.051671
8,sign,mtekmod,1024,0.194062
8,sign,mtekmod,2048,1.064617
8,sign,mtekmod,3072,3.073718
8,sign,mtekmod,4096,6.748748
8,verify,mtekmod,512,0.207113
8,verify,mtekmod,1024,0.420744
8,verify,mtekmod,2048,0.909803
8,verify,mtekmod,3072,1.526508
8,verify,mtekmod,4096,2.247994
8,sign,mtesig,512,0.065734
8,sign,mtesig,1024,0.163696
8,sign,mtesig,2048,1.053833
8,sign,mtesig,3072,3.115064
8,sign,mtesig,4096,6.818860
8,verify,mtesig,512,0.213528
8,verify,mtesig,1024,0.502576
8,verify,mtesig,2048,1.143236
8,verify,mtesig,3072,1.891781
8,verify,mtesig,4096,2.593807
8,sign,mprotsig,512,0.087949
8,sign,mprotsig,1024,0.346758
8,sign,mprotsig,2048,1.231926
8,sign,mprotsig,3072,3.422837
8,sign,mprotsig,4096,7.166466
8,sign,mprotsig,512,0.103086
8,sign,mprotsig,1024,0.303764
8,sign,mprotsig,2048,1.285004
8,sign,mprotsig,3072,3.379710
8,sign,mprotsig,4096,7.107186
8,verify,mprotsig,512,0.450595
8,verify,mprotsig,1024,1.014785
8,verify,mprotsig,2048,1.928730
8,verify,mprotsig,3072,3.204546
8,verify,mprotsig,4096,4.499223
8,sign,dr,512,2.567055
8,sign,dr,1024,9.763582
8,sign,dr,2048,50.699817
8,sign,dr,3072,128.764845
8,sign,dr,4096,258.756755
8,verify,dr,512,1.719745
8,verify,dr,1024,3.731269
8,verify,dr,2048,9.960920
8,verify,dr,3072,19.419315
8,verify,dr,4096,32.046370
4,sign,default,512,0.042993
4,sign,default,1024,0.215445
4,sign,default,2048,1.497458
4,sign,default,3072,4.504253
4,sign,default,4096,10.077178
4,verify,default,512,0.031961
4,verify,default,1024,0.103523
4,verify,default,2048,0.376801
4,verify,default,3072,0.823571
4,verify,default,4096,1.448808
4,sign,mtekmod,512,0.067665
4,sign,mtekmod,1024,0.244096
4,sign,mtekmod,2048,1.624378
4,sign,mtekmod,3072,4.626441
4,sign,mtekmod,4096,10.296844
4,verify,mtekmod,512,0.286442
4,verify,mtekmod,1024,0.608171
4,verify,mtekmod,2048,1.323435
4,verify,mtekmod,3072,2.239821
4,verify,mtekmod,4096,3.454347
4,sign,mtesig,512,0.071334
4,sign,mtesig,1024,0.229707
4,sign,mtesig,2048,1.640406
4,sign,mtesig,3072,4.643284
4,sign,mtesig,4096,10.350489
4,verify,mtesig,512,0.359309
4,verify,mtesig,1024,0.709053
4,verify,mtesig,2048,1.525483
4,verify,mtesig,3072,2.564010
4,verify,mtesig,4096,3.830898
4,sign,mprotsig,512,0.119453
4,sign,mprotsig,1024,0.330562
4,sign,mprotsig,2048,1.674499
4,sign,mprotsig,3072,4.911273
4,sign,mprotsig,4096,10.674166
4,sign,mprotsig,512,0.077786
4,sign,mprotsig,1024,0.342321
4,sign,mprotsig,2048,1.780832
4,sign,mprotsig,3072,4.891639
4,sign,mprotsig,4096,10.764122
4,verify,mprotsig,512,0.617369
4,verify,mprotsig,1024,1.409424
4,verify,mprotsig,2048,3.038937
4,verify,mprotsig,3072,4.679739
4,verify,mprotsig,4096,6.595567
4,sign,dr,512,3.838396
4,sign,dr,1024,14.517713
4,sign,dr,2048,75.095952
4,sign,dr,3072,191.117173
4,sign,dr,4096,385.411635
4,verify,dr,512,2.626197
4,verify,dr,1024,5.694889
4,verify,dr,2048,15.114948
4,verify,dr,3072,29.411322
4,verify,dr,4096,48.546226
0,sign,default,512,0.192024
0,sign,default,1024,0.997115
0,sign,default,2048,6.670046
0,sign,default,3072,20.422677
0,sign,default,4096,46.531154
0,verify,default,512,0.152387
0,verify,default,1024,0.490085
0,verify,default,2048,1.797946
0,verify,default,3072,3.951077
0,verify,default,4096,6.949744
0,sign,mtekmod,512,0.198026
0,sign,mtekmod,1024,1.133606
0,sign,mtekmod,2048,6.773338
0,sign,mtekmod,3072,20.737011
0,sign,mtekmod,4096,46.854522
0,verify,mtekmod,512,0.431864
0,verify,mtekmod,1024,1.059126
0,verify,mtekmod,2048,2.773901
0,verify,mtekmod,3072,5.641810
0,verify,mtekmod,4096,9.495402
0,sign,mtesig,512,0.304016
0,sign,mtesig,1024,1.173253
0,sign,mtesig,2048,7.010446
0,sign,mtesig,3072,20.856958
0,sign,mtesig,4096,47.209134
0,verify,mtesig,512,0.780986
0,verify,mtesig,1024,1.530023
0,verify,mtesig,2048,4.018607
0,verify,mtesig,3072,7.408041
0,verify,mtesig,4096,11.892780
0,sign,mprotsig,512,0.383071
0,sign,mprotsig,1024,1.376278
0,sign,mprotsig,2048,7.371328
0,sign,mprotsig,3072,21.405259
0,sign,mprotsig,4096,47.793587
0,sign,mprotsig,512,0.431395
0,sign,mprotsig,1024,1.280865
0,sign,mprotsig,2048,7.166069
0,sign,mprotsig,3072,21.371316
0,sign,mprotsig,4096,47.828573
0,verify,mprotsig,512,1.589499
0,verify,mprotsig,1024,3.373082
0,verify,mprotsig,2048,7.692852
0,verify,mprotsig,3072,12.812239
0,verify,mprotsig,4096,18.769132
0,sign,dr,512,12.926134
0,sign,dr,1024,48.866677
0,sign,dr,2048,254.540266
0,sign,dr,3072,642.991999
0,sign,dr,4096,1287.395722
0,verify,dr,512,8.956742
0,verify,dr,1024,19.303032
0,verify,dr,2048,50.189812
0,verify,dr,3072,97.126887
0,verify,dr,4096,160.044701
8,sign,default,512,0.029661
8,sign,default,1024,0.150522
8,sign,default,2048,1.001766
8,sign,default,3072,2.977637
8,sign,default,4096,6.619974
8,verify,default,512,0.022201
8,verify,default,1024,0.069271
8,verify,default,2048,0.248041
8,verify,default,3072,0.541957
8,verify,default,4096,0.952670
8,sign,mtekmod,512,0.051192
8,sign,mtekmod,1024,0.187602
8,sign,mtekmod,2048,1.081029
8,sign,mtekmod,3072,3.081587
8,sign,mtekmod,4096,6.735811
8,verify,mtekmod,512,0.168920
8,verify,mtekmod,1024,0.363985
8,verify,mtekmod,2048,0.870174
8,verify,mtekmod,3072,1.546570
8,verify,mtekmod,4096,2.183573
8,sign,mtesig,512,0.068393
8,sign,mtesig,1024,0.176951
8,sign,mtesig,2048,1.003411
8,sign,mtesig,3072,3.102968
8,sign,mtesig,4096,6.804219
8,verify,mtesig,512,0.232585
8,verify,mtesig,1024,0.470723
8,verify,mtesig,2048,1.010761
8,verify,mtesig,3072,1.994201
8,verify,mtesig,4096,2.644319
8,sign,mprotsig,512,0.100640
8,sign,mprotsig,1024,0.254590
8,sign,mprotsig,2048,1.262495
8,sign,mprotsig,3072,3.342614
8,sign,mprotsig,4096,7.101279
8,sign,mprotsig,512,0.091716
8,sign,mprotsig,1024,0.258965
8,sign,mprotsig,2048,1.300371
8,sign,mprotsig,3072,3.350069
8,sign,mprotsig,4096,7.135668
8,verify,mprotsig,512,0.500651
8,verify,mprotsig,1024,0.977999
8,verify,mprotsig,2048,1.979313
8,verify,mprotsig,3072,3.213481
8,verify,mprotsig,4096,4.470221
8,sign,dr,512,2.569687
8,sign,dr,1024,9.775890
8,sign,dr,2048,50.711600
8,sign,dr,3072,128.789923
8,sign,dr,4096,258.780194
8,verify,dr,512,1.720970
8,verify,dr,1024,3.738770
8,verify,dr,2048,9.976305
8,verify,dr,3072,19.439136
8,verify,dr,4096,32.057293
4,sign,default,512,0.043105
4,sign,default,1024,0.215535
4,sign,default,2048,1.497978
4,sign,default,3072,4.503301
4,sign,default,4096,10.076618
4,verify,default,512,0.032320
4,verify,default,1024,0.103412
4,verify,default,2048,0.377173
4,verify,default,3072,0.823727
4,verify,default,4096,1.448338
4,sign,mtekmod,512,0.070303
4,sign,mtekmod,1024,0.272839
4,sign,mtekmod,2048,1.571556
4,sign,mtekmod,3072,4.642263
4,sign,mtekmod,4096,10.266089
4,verify,mtekmod,512,0.286354
4,verify,mtekmod,1024,0.656136
4,verify,mtekmod,2048,1.338284
4,verify,mtekmod,3072,2.228347
4,verify,mtekmod,4096,3.288300
4,sign,mtesig,512,0.085416
4,sign,mtesig,1024,0.259265
4,sign,mtesig,2048,1.712365
4,sign,mtesig,3072,4.612242
4,sign,mtesig,4096,10.303674
4,verify,mtesig,512,0.333466
4,verify,mtesig,1024,0.668608
4,verify,mtesig,2048,1.644356
4,verify,mtesig,3072,2.699893
4,verify,mtesig,4096,3.776274
4,sign,mprotsig,512,0.099913
4,sign,mprotsig,1024,0.346820
4,sign,mprotsig,2048,1.708673
4,sign,mprotsig,3072,4.889269
4,sign,mprotsig,4096,10.777133
4,sign,mprotsig,512,0.082362
4,sign,mprotsig,1024,0.414268
4,sign,mprotsig,2048,1.733823
4,sign,mprotsig,3072,4.885041
4,sign,mprotsig,4096,10.741928
4,verify,mprotsig,512,0.641135
4,verify,mprotsig,1024,1.282680
4,verify,mprotsig,2048,2.980188
4,verify,mprotsig,3072,4.701825
4,verify,mprotsig,4096,6.375550
4,sign,dr,512,3.874156
4,sign,dr,1024,14.507117
4,sign,dr,2048,75.197163
4,sign,dr,3072,191.148544
4,sign,dr,4096,384.386892
4,verify,dr,512,2.583388
4,verify,dr,1024,5.688949
4,verify,dr,2048,15.095560
4,verify,dr,3072,29.333286
4,verify,dr,4096,48.527701
0,sign,default,512,0.191953
0,sign,default,1024,0.996437
0,sign,default,2048,6.665958
0,sign,default,3072,20.433258
0,sign,default,4096,46.524144
0,verify,default,512,0.152823
0,verify,default,1024,0.489945
0,verify,default,2048,1.798905
0,verify,default,3072,3.952942
0,verify,default,4096,6.956206
0,sign,mtekmod,512,0.254405
0,sign,mtekmod,1024,1.097484
0,sign,mtekmod,2048,6.764359
0,sign,mtekmod,3072,20.787065
0,sign,mtekmod,4096,46.915035
0,verify,mtekmod,512,0.482616
0,verify,mtekmod,1024,1.097333
0,verify,mtekmod,2048,3.079363
0,verify,mtekmod,3072,5.490494
0,verify,mtekmod,4096,9.891911
0,sign,mtesig,512,0.261556
0,sign,mtesig,1024,1.427298
0,sign,mtesig,2048,6.910753
0,sign,mtesig,3072,20.977991
0,sign,mtesig,4096,47.196542
0,verify,mtesig,512,0.756375
0,verify,mtesig,1024,1.593048
0,verify,mtesig,2048,4.065623
0,verify,mtesig,3072,7.430449
0,verify,mtesig,4096,11.475681
0,sign,mprotsig,512,0.381365
0,sign,mprotsig,1024,1.367875
0,sign,mprotsig,2048,7.532444
0,sign,mprotsig,3072,21.416595
0,sign,mprotsig,4096,47.798263
0,sign,mprotsig,512,0.379557
0,sign,mprotsig,1024,1.458395
0,sign,mprotsig,2048,7.260446
0,sign,mprotsig,3072,21.517926
0,sign,mprotsig,4096,47.835457
0,verify,mprotsig,512,1.722696
0,verify,mprotsig,1024,3.337110
0,verify,mprotsig,2048,7.636778
0,verify,mprotsig,3072,12.675700
0,verify,mprotsig,4096,18.260761
0,sign,dr,512,12.964680
0,sign,dr,1024,49.043269
0,sign,dr,2048,253.908064
0,sign,dr,3072,641.748382
0,sign,dr,4096,1286.295369
0,verify,dr,512,9.006003
0,verify,dr,1024,19.238060
0,verify,dr,2048,50.137409
0,verify,dr,3072,97.220721
0,verify,dr,4096,160.167912
8,sign,default,512,0.030723
8,sign,default,1024,0.150671
8,sign,default,2048,1.001966
8,sign,default,3072,2.977661
8,sign,default,4096,6.620138
8,verify,default,512,0.022017
8,verify,default,1024,0.069217
8,verify,default,2048,0.247858
8,verify,default,3072,0.541510
8,verify,default,4096,0.950963
8,sign,mtekmod,512,0.049076
8,sign,mtekmod,1024,0.187958
8,sign,mtekmod,2048,1.058673
8,sign,mtekmod,3072,3.096414
8,sign,mtekmod,4096,6.758099
8,verify,mtekmod,512,0.208992
8,verify,mtekmod,1024,0.386834
8,verify,mtekmod,2048,0.913459
8,verify,mtekmod,3072,1.549688
8,verify,mtekmod,4096,2.183792
8,sign,mtesig,512,0.052399
8,sign,mtesig,1024,0.176357
8,sign,mtesig,2048,0.942200
8,sign,mtesig,3072,3.115320
8,sign,mtesig,4096,6.835744
8,verify,mtesig,512,0.238317
8,verify,mtesig,1024,0.490418
8,verify,mtesig,2048,1.013343
8,verify,mtesig,3072,1.829039
8,verify,mtesig,4096,2.567119
8,sign,mprotsig,512,0.072330
8,sign,mprotsig,1024,0.247452
8,sign,mprotsig,2048,1.237712
8,sign,mprotsig,3072,3.447979
8,sign,mprotsig,4096,7.140580
8,sign,mprotsig,512,0.073288
8,sign,mprotsig,1024,0.251597
8,sign,mprotsig,2048,1.293500
8,sign,mprotsig,3072,3.418988
8,sign,mprotsig,4096,7.074183
8,verify,mprotsig,512,0.498408
8,verify,mprotsig,1024,0.929497
8,verify,mprotsig,2048,2.104059
8,verify,mprotsig,3072,3.129621
8,verify,mprotsig,4096,4.475229
8,sign,dr,512,2.565951
8,sign,dr,1024,9.778226
8,sign,dr,2048,50.716775
8,sign,dr,3072,128.696595
8,sign,dr,4096,258.619533
8,verify,dr,512,1.720547
8,verify,dr,1024,3.732922
8,verify,dr,2048,9.964710
8,verify,dr,3072,19.419003
8,verify,dr,4096,32.063900
4,sign,default,512,0.043047
4,sign,default,1024,0.215313
4,sign,default,2048,1.496868
4,sign,default,3072,4.501785
4,sign,default,4096,10.072220
4,verify,default,512,0.032123
4,verify,default,1024,0.103622
4,verify,default,2048,0.376677
4,verify,default,3072,0.823695
4,verify,default,4096,1.448596
4,sign,mtekmod,512,0.051735
4,sign,mtekmod,1024,0.234124
4,sign,mtekmod,2048,1.613650
4,sign,mtekmod,3072,4.639517
4,sign,mtekmod,4096,10.252502
4,verify,mtekmod,512,0.287135
4,verify,mtekmod,1024,0.581539
4,verify,mtekmod,2048,1.340192
4,verify,mtekmod,3072,2.186345
4,verify,mtekmod,4096,3.425158
4,sign,mtesig,512,0.069218
4,sign,mtesig,1024,0.250918
4,sign,mtesig,2048,1.693493
4,sign,mtesig,3072,4.676129
4,sign,mtesig,4096,10.306998
4,verify,mtesig,512,0.353420
4,verify,mtesig,1024,0.748583
4,verify,mtesig,2048,1.592831
4,verify,mtesig,3072,2.379536
4,verify,mtesig,4096,3.888324
4,sign,mprotsig,512,0.087337
4,sign,mprotsig,1024,0.374329
4,sign,mprotsig,2048,1.745197
4,sign,mprotsig,3072,4.872398
4,sign,mprotsig,4096,10.714593
4,sign,mprotsig,512,0.094082
4,sign,mprotsig,1024,0.367240
4,sign,mprotsig,2048,1.793934
4,sign,mprotsig,3072,4.932840
4,sign,mprotsig,4096,10.821121
4,verify,mprotsig,512,0.649291
4,verify,mprotsig,1024,1.338572
4,verify,mprotsig,2048,2.848647
4,verify,mprotsig,3072,4.637308
4,verify,mprotsig,4096,6.905505
4,sign,dr,512,3.843639
4,sign,dr,1024,14.261398
4,sign,dr,2048,74.079958
4,sign,dr,3072,187.977224
4,sign,dr,4096,386.868265
4,verify,dr,512,2.564521
4,verify,dr,1024,5.546770
4,verify,dr,2048,14.887144
4,verify,dr,3072,29.592851
4,verify,dr,4096,47.425339
0,sign,default,512,0.192159
0,sign,default,1024,0.996049
0,sign,default,2048,6.661524
0,sign,default,3072,20.419351
0,sign,default,4096,46.544422
0,verify,default,512,0.152491
0,verify,default,1024,0.489723
0,verify,default,2048,1.796208
0,verify,default,3072,3.954771
0,verify,default,4096,6.950699
0,sign,mtekmod,512,0.233095
0,sign,mtekmod,1024,1.127113
0,sign,mtekmod,2048,6.818827
0,sign,mtekmod,3072,20.670331
0,sign,mtekmod,4096,46.901058
0,verify,mtekmod,512,0.467893
0,verify,mtekmod,1024,1.144014
0,verify,mtekmod,2048,2.954360
0,verify,mtekmod,3072,5.457380
0,verify,mtekmod,4096,9.575124
0,sign,mtesig,512,0.245540
0,sign,mtesig,1024,1.141181
0,sign,mtesig,2048,6.940856
0,sign,mtesig,3072,20.802030
0,sign,mtesig,4096,47.182886
0,verify,mtesig,512,0.689777
0,verify,mtesig,1024,1.537845
0,verify,mtesig,2048,3.988950
0,verify,mtesig,3072,7.450732
0,verify,mtesig,4096,11.759939
0,sign,mprotsig,512,0.324618
0,sign,mprotsig,1024,1.493868
0,sign,mprotsig,2048,7.438223
0,sign,mprotsig,3072,21.417451
0,sign,mprotsig,4096,47.818001
0,sign,mprotsig,512,0.357946
0,sign,mprotsig,1024,1.284722
0,sign,mprotsig,2048,7.321950
0,sign,mprotsig,3072,21.427142
0,sign,mprotsig,4096,47.763860
0,verify,mprotsig,512,1.680618
0,verify,mprotsig,1024,3.528586
0,verify,mprotsig,2048,7.526655
0,verify,mprotsig,3072,12.956801
0,verify,mprotsig,4096,18.536150
0,sign,dr,512,12.902449
0,sign,dr,1024,48.713060
0,sign,dr,2048,252.139533
0,sign,dr,3072,639.432454
0,sign,dr,4096,1283.017982
0,verify,dr,512,8.936457
0,verify,dr,1024,19.145170
0,verify,dr,2048,50.071868
0,verify,dr,3072,97.054165
0,verify,dr,4096,160.131904
